Node,mean,stdev
50,7.294,0.474
51,7.299,0.441
52,7.310,0.445
53,7.312,0.445
54,7.324,0.442
55,7.324,0.436
56,7.338,0.411
57,7.332,0.412
58,7.333,0.406
59,7.338,0.407
60,7.327,0.411
61,7.334,0.418
62,7.344,0.415
63,7.354,0.406
64,7.362,0.415
65,7.368,0.408
66,7.376,0.403
67,7.381,0.403
68,7.386,0.402
69,7.394,0.400
70,7.401,0.393
71,7.416,0.397
72,7.421,0.383
73,7.437,0.390
74,7.446,0.392
75,7.454,0.395
76,7.469,0.396
77,7.477,0.396
78,7.478,0.389
79,7.488,0.385
80,7.495,0.380
81,7.497,0.377
82,7.509,0.376
83,7.511,0.377
84,7.512,0.373
85,7.507,0.397
86,7.510,0.391
87,7.514,0.387
88,7.519,0.383
89,7.533,0.373
90,7.542,0.375
91,7.546,0.367
92,7.546,0.369
93,7.544,0.370
94,7.547,0.369
95,7.551,0.366
96,7.511,0.381
97,7.512,0.381
98,7.516,0.380
99,7.522,0.380
100,7.527,0.380
101,7.541,0.376
102,7.548,0.373
103,7.558,0.374
104,7.572,0.367
105,7.580,0.364
106,7.580,0.362
107,7.590,0.362
108,7.625,0.350
109,7.644,0.352
110,7.650,0.351
111,7.657,0.353
112,7.661,0.353
113,7.664,0.352
114,7.671,0.353
115,7.675,0.352
116,7.680,0.351
117,7.683,0.351
118,7.687,0.352
119,7.691,0.352
120,7.695,0.351
121,7.697,0.350
122,7.701,0.350
123,7.705,0.351
124,7.710,0.350
125,7.714,0.348
126,7.719,0.347
127,7.725,0.337
128,7.731,0.334
129,7.737,0.331
130,7.742,0.331
131,7.744,0.330
132,7.750,0.329
133,7.754,0.328
134,7.756,0.324
135,7.759,0.323
136,7.759,0.315
137,7.763,0.313
138,7.768,0.311
139,7.771,0.310
140,7.774,0.309
141,7.776,0.309
142,7.779,0.308
143,7.783,0.306
144,7.808,0.282
145,7.814,0.280
146,7.815,0.280
147,7.817,0.280
148,7.819,0.279
149,7.821,0.279
150,7.823,0.280
151,7.826,0.282
152,7.830,0.282
153,7.832,0.283
154,7.834,0.282
155,7.839,0.285
156,7.840,0.286
157,7.843,0.287
158,7.845,0.286
159,7.855,0.279
160,7.856,0.280
161,7.857,0.281
162,7.859,0.291
163,7.857,0.291
164,7.858,0.291
165,7.861,0.290
166,7.875,0.290
167,7.875,0.289
168,7.875,0.289
169,7.879,0.292
170,7.878,0.292
171,7.878,0.293
172,7.880,0.295
173,7.886,0.297
174,7.888,0.296
175,7.889,0.296
176,7.889,0.296
177,7.890,0.295
178,7.891,0.295
179,7.893,0.293
180,7.897,0.294
181,7.900,0.294
182,7.902,0.294
183,7.903,0.295
184,7.904,0.294
185,7.906,0.294
186,7.911,0.295
187,7.925,0.298
188,7.928,0.298
189,7.930,0.298
190,7.934,0.299
191,7.937,0.299
192,7.942,0.301
193,7.947,0.302
194,7.949,0.303
195,7.950,0.303
196,7.951,0.304
197,7.956,0.305
198,7.957,0.305
199,7.960,0.305
200,7.963,0.305
201,7.965,0.306
202,7.968,0.306
203,7.978,0.307
204,7.980,0.307
205,7.986,0.307
206,7.986,0.306
207,7.987,0.306
208,7.988,0.305
209,7.988,0.305
210,7.988,0.306
211,7.986,0.306
212,7.987,0.306
213,7.986,0.306
214,7.986,0.305
215,7.988,0.301
216,7.988,0.298
217,7.988,0.299
218,7.988,0.299
219,7.991,0.300
220,7.992,0.302
221,7.990,0.303
222,7.992,0.303
223,7.992,0.303
224,7.993,0.303
225,7.993,0.303
226,7.993,0.306
227,7.992,0.305
228,7.991,0.305
229,7.990,0.305
230,7.991,0.307
231,7.990,0.309
232,7.989,0.309
233,7.992,0.309
234,7.993,0.311
235,7.994,0.313
236,7.993,0.313
237,7.993,0.313
238,7.992,0.314
239,7.992,0.314
240,7.992,0.313
241,7.990,0.313
242,7.989,0.312
243,7.989,0.312
244,7.989,0.312
245,7.988,0.313
246,7.985,0.313
247,7.985,0.313
248,7.983,0.315
249,7.983,0.315
250,7.983,0.315
251,7.984,0.316
252,7.986,0.317
253,7.985,0.316
254,7.987,0.317
255,7.989,0.317
256,7.991,0.319
257,7.992,0.318
258,7.993,0.318
259,7.992,0.317
260,7.994,0.318
261,7.994,0.318
262,7.996,0.319
263,7.996,0.319
264,7.995,0.318
265,7.996,0.319
266,7.997,0.320
267,8.003,0.326
268,8.005,0.328
269,8.006,0.330
270,8.006,0.330
271,8.005,0.330
272,8.004,0.330
273,8.003,0.330
274,8.002,0.330
275,8.003,0.330
276,8.009,0.329
277,8.008,0.332
278,8.007,0.332
279,8.007,0.332
280,8.002,0.334
281,8.001,0.334
282,8.000,0.334
283,8.000,0.334
284,8.000,0.335
285,8.001,0.335
286,8.001,0.335
287,8.001,0.335
288,8.001,0.336
289,8.000,0.337
290,8.000,0.338
291,8.000,0.338
292,7.999,0.338
293,7.998,0.338
294,7.998,0.338
295,7.998,0.337
296,7.999,0.337
297,7.998,0.337
298,7.998,0.337
299,8.000,0.337
300,8.000,0.338
301,8.002,0.338
302,8.001,0.338
303,8.002,0.338
304,8.003,0.339
305,8.004,0.339
306,8.005,0.339
307,8.006,0.339
308,8.006,0.340
309,8.007,0.340
310,8.008,0.340
311,8.009,0.340
312,8.010,0.340
313,8.011,0.340
314,8.012,0.340
315,8.013,0.340
316,8.013,0.339
317,8.014,0.339
318,8.015,0.339
319,8.016,0.339
320,8.016,0.340
321,8.013,0.340
322,8.013,0.343
323,8.013,0.345
324,8.013,0.345
325,8.015,0.346
326,8.017,0.346
327,8.018,0.346
328,8.017,0.345
329,8.017,0.344
330,8.019,0.344
331,8.018,0.343
332,8.019,0.343
333,8.019,0.343
334,8.020,0.343
335,8.020,0.343
336,8.020,0.342
337,8.021,0.342
338,8.022,0.340
339,8.023,0.339
340,8.024,0.339
341,8.024,0.339
342,8.026,0.339
343,8.028,0.340
344,8.028,0.339
345,8.029,0.338
346,8.030,0.338
347,8.030,0.336
348,8.032,0.336
349,8.032,0.335
350,8.032,0.334
351,8.032,0.333
352,8.032,0.332
353,8.033,0.332
354,8.034,0.332
355,8.035,0.331
356,8.036,0.331
357,8.037,0.331
358,8.038,0.330
359,8.040,0.331
360,8.041,0.331
361,8.041,0.330
362,8.043,0.329
363,8.046,0.329
364,8.048,0.329
365,8.050,0.329
366,8.050,0.328
367,8.052,0.327
368,8.054,0.326
369,8.056,0.326
370,8.057,0.325
371,8.057,0.325
372,8.058,0.325
373,8.059,0.325
374,8.060,0.325
375,8.060,0.324
376,8.060,0.324
377,8.061,0.324
378,8.060,0.323
379,8.060,0.323
380,8.060,0.322
381,8.060,0.322
382,8.060,0.322
383,8.059,0.320
384,8.060,0.320
385,8.060,0.320
386,8.060,0.320
387,8.062,0.322
388,8.062,0.322
389,8.062,0.323
390,8.063,0.323
391,8.063,0.323
392,8.063,0.322
393,8.063,0.322
394,8.065,0.322
395,8.067,0.322
396,8.068,0.323
397,8.070,0.331
398,8.071,0.331
399,8.070,0.330
400,8.065,0.325
401,8.066,0.325
402,8.066,0.324
403,8.064,0.322
404,8.065,0.322
405,8.066,0.322
406,8.066,0.321
407,8.068,0.321
408,8.069,0.321
409,8.072,0.320
410,8.073,0.320
411,8.074,0.320
412,8.075,0.320
413,8.068,0.320
414,8.073,0.321
415,8.075,0.318
416,8.077,0.318
417,8.077,0.317
418,8.078,0.317
419,8.079,0.317
420,8.080,0.317
421,8.081,0.317
422,8.082,0.316
423,8.083,0.317
424,8.084,0.316
425,8.083,0.315
426,8.084,0.316
427,8.085,0.316
428,8.085,0.316
429,8.086,0.316
430,8.087,0.316
431,8.086,0.315
432,8.086,0.315
433,8.085,0.314
434,8.086,0.314
435,8.087,0.313
436,8.087,0.314
437,8.088,0.313
438,8.089,0.314
439,8.091,0.313
440,8.092,0.313
441,8.092,0.312
442,8.091,0.312
443,8.093,0.312
444,8.093,0.311
445,8.094,0.310
446,8.094,0.310
447,8.094,0.309
448,8.093,0.310
449,8.093,0.309
450,8.094,0.309
451,8.093,0.309
452,8.093,0.309
453,8.094,0.310
454,8.094,0.309
455,8.093,0.309
456,8.092,0.308
457,8.091,0.308
458,8.091,0.308
459,8.091,0.309
460,8.091,0.309
461,8.091,0.309
462,8.090,0.309
463,8.089,0.309
464,8.088,0.310
465,8.089,0.309
466,8.088,0.309
467,8.088,0.309
468,8.088,0.309
469,8.088,0.309
470,8.088,0.309
471,8.088,0.309
472,8.089,0.309
473,8.089,0.309
474,8.090,0.309
475,8.090,0.309
476,8.090,0.309
477,8.091,0.308
478,8.092,0.308
479,8.094,0.305
480,8.097,0.304
481,8.097,0.304
482,8.099,0.303
483,8.100,0.303
484,8.100,0.303
485,8.101,0.303
486,8.101,0.303
487,8.101,0.303
488,8.100,0.302
489,8.099,0.301
490,8.100,0.301
491,8.100,0.301
492,8.101,0.302
493,8.101,0.302
494,8.102,0.302
495,8.103,0.303
496,8.103,0.303
497,8.104,0.303
498,8.104,0.303
499,8.105,0.304
500,8.105,0.304
501,8.105,0.303
502,8.106,0.304
503,8.106,0.304
504,8.107,0.304
505,8.107,0.305
506,8.107,0.305
507,8.108,0.305
508,8.107,0.306
509,8.107,0.305
510,8.107,0.305
511,8.108,0.305
512,8.108,0.305
513,8.108,0.306
514,8.108,0.305
515,8.109,0.305
516,8.109,0.304
517,8.109,0.304
518,8.109,0.304
519,8.109,0.304
520,8.110,0.305
521,8.111,0.305
522,8.113,0.305
523,8.114,0.305
524,8.114,0.305
525,8.115,0.305
526,8.115,0.305
527,8.116,0.305
528,8.117,0.305
529,8.118,0.306
530,8.119,0.307
531,8.119,0.307
532,8.120,0.307
533,8.121,0.307
534,8.121,0.307
535,8.121,0.307
536,8.121,0.307
537,8.122,0.307
538,8.123,0.308
539,8.123,0.308
540,8.124,0.309
541,8.125,0.309
542,8.126,0.310
543,8.128,0.310
544,8.128,0.310
545,8.129,0.310
546,8.130,0.311
547,8.130,0.310
548,8.131,0.311
549,8.133,0.312
550,8.134,0.312
551,8.136,0.313
552,8.138,0.314
553,8.138,0.314
554,8.139,0.315
555,8.140,0.315
556,8.140,0.315
557,8.140,0.316
558,8.141,0.317
559,8.141,0.317
560,8.142,0.317
561,8.142,0.317
562,8.143,0.318
563,8.143,0.318
564,8.144,0.318
565,8.144,0.318
566,8.144,0.318
567,8.145,0.318
568,8.145,0.318
569,8.146,0.319
570,8.146,0.319
571,8.147,0.319
572,8.148,0.318
573,8.148,0.318
574,8.149,0.318
575,8.149,0.318
576,8.149,0.319
577,8.151,0.319
578,8.151,0.319
579,8.151,0.319
580,8.150,0.317
581,8.150,0.317
582,8.151,0.317
583,8.151,0.317
584,8.151,0.317
585,8.152,0.317
586,8.152,0.317
587,8.152,0.317
588,8.153,0.317
589,8.153,0.317
590,8.152,0.317
591,8.152,0.317
592,8.152,0.317
593,8.152,0.316
594,8.152,0.316
595,8.151,0.302
596,8.152,0.302
597,8.152,0.302
598,8.153,0.302
599,8.154,0.301
600,8.154,0.302
601,8.154,0.301
602,8.154,0.301
603,8.153,0.300
604,8.153,0.300
605,8.153,0.300
606,8.154,0.300
607,8.154,0.300
608,8.155,0.300
609,8.155,0.300
610,8.156,0.300
611,8.156,0.300
612,8.156,0.300
613,8.156,0.301
614,8.156,0.301
615,8.156,0.301
616,8.156,0.301
617,8.157,0.301
618,8.157,0.302
619,8.157,0.302
620,8.156,0.302
621,8.156,0.302
622,8.157,0.303
623,8.158,0.303
624,8.160,0.305
625,8.160,0.305
626,8.161,0.306
627,8.162,0.305
628,8.162,0.305
629,8.163,0.304
630,8.163,0.304
631,8.163,0.304
632,8.164,0.304
633,8.164,0.304
634,8.165,0.304
635,8.166,0.304
636,8.166,0.304
637,8.167,0.304
638,8.166,0.304
639,8.167,0.304
640,8.168,0.304
641,8.168,0.305
642,8.169,0.305
643,8.169,0.305
644,8.170,0.306
645,8.172,0.306
646,8.173,0.306
647,8.174,0.307
648,8.175,0.307
649,8.177,0.306
650,8.177,0.307
651,8.178,0.307
652,8.178,0.307
653,8.178,0.307
654,8.180,0.307
655,8.180,0.307
656,8.179,0.308
657,8.179,0.307
658,8.180,0.307
659,8.180,0.308
660,8.181,0.309
661,8.182,0.309
662,8.183,0.309
663,8.184,0.309
664,8.183,0.310
665,8.184,0.311
666,8.185,0.310
667,8.185,0.311
668,8.187,0.311
669,8.187,0.311
670,8.189,0.312
671,8.187,0.313
672,8.188,0.313
673,8.187,0.313
674,8.187,0.314
675,8.188,0.313
676,8.188,0.312
677,8.189,0.314
678,8.189,0.313
679,8.189,0.313
680,8.189,0.313
681,8.189,0.313
682,8.186,0.311
683,8.188,0.311
684,8.188,0.310
685,8.187,0.309
686,8.188,0.309
687,8.190,0.310
688,8.190,0.309
689,8.191,0.310
690,8.192,0.310
691,8.192,0.310
692,8.193,0.310
693,8.194,0.310
694,8.195,0.310
695,8.196,0.309
696,8.195,0.310
697,8.196,0.310
698,8.196,0.310
699,8.197,0.310
700,8.197,0.310
701,8.197,0.311
702,8.197,0.311
703,8.197,0.312
704,8.198,0.312
705,8.199,0.312
706,8.198,0.313
707,8.199,0.313
708,8.199,0.313
709,8.199,0.313
710,8.199,0.313
711,8.199,0.313
712,8.200,0.314
713,8.200,0.314
714,8.201,0.314
715,8.202,0.315
716,8.203,0.315
717,8.204,0.315
718,8.207,0.317
719,8.208,0.317
720,8.209,0.317
721,8.209,0.317
722,8.210,0.318
723,8.211,0.318
724,8.212,0.318
725,8.214,0.318
726,8.214,0.318
727,8.215,0.318
728,8.216,0.318
729,8.217,0.318
730,8.217,0.318
731,8.217,0.318
732,8.217,0.317
733,8.218,0.318
734,8.218,0.318
735,8.219,0.318
736,8.219,0.318
737,8.219,0.318
738,8.220,0.319
739,8.221,0.319
740,8.221,0.319
741,8.222,0.320
742,8.222,0.320
743,8.222,0.320
744,8.223,0.321
745,8.223,0.321
746,8.224,0.321
747,8.224,0.320
748,8.224,0.320
749,8.226,0.321
750,8.227,0.321
751,8.227,0.321
752,8.227,0.321
753,8.226,0.321
754,8.227,0.321
755,8.227,0.321
756,8.226,0.321
757,8.227,0.320
758,8.226,0.320
759,8.227,0.320
760,8.228,0.320
761,8.227,0.320
762,8.227,0.321
763,8.228,0.321
764,8.228,0.321
765,8.228,0.321
766,8.228,0.321
767,8.228,0.321
768,8.229,0.322
769,8.229,0.321
770,8.229,0.322
771,8.229,0.322
772,8.228,0.322
773,8.228,0.322
774,8.228,0.323
775,8.229,0.323
776,8.229,0.323
777,8.230,0.323
778,8.230,0.324
779,8.230,0.324
780,8.230,0.324
781,8.230,0.324
782,8.230,0.324
783,8.229,0.325
784,8.229,0.326
785,8.228,0.326
786,8.228,0.326
787,8.228,0.326
788,8.229,0.327
789,8.229,0.327
790,8.229,0.328
791,8.228,0.328
792,8.228,0.328
793,8.227,0.328
794,8.227,0.328
795,8.227,0.329
796,8.226,0.330
797,8.226,0.330
798,8.226,0.331
799,8.226,0.330
800,8.225,0.331
801,8.225,0.331
802,8.225,0.332
803,8.225,0.332
804,8.225,0.332
805,8.225,0.333
806,8.225,0.333
807,8.224,0.333
808,8.223,0.333
809,8.223,0.334
810,8.222,0.334
811,8.222,0.334
812,8.222,0.335
813,8.222,0.335
814,8.222,0.335
815,8.222,0.336
816,8.222,0.337
817,8.222,0.337
818,8.221,0.337
819,8.221,0.337
820,8.221,0.337
821,8.222,0.338
822,8.221,0.338
823,8.221,0.338
824,8.221,0.338
825,8.220,0.338
826,8.220,0.338
827,8.220,0.338
828,8.221,0.337
829,8.221,0.336
830,8.221,0.336
831,8.221,0.336
832,8.222,0.336
833,8.222,0.336
834,8.223,0.336
835,8.223,0.335
836,8.223,0.336
837,8.224,0.335
838,8.224,0.335
839,8.225,0.336
840,8.225,0.336
841,8.227,0.336
842,8.227,0.336
843,8.227,0.336
844,8.228,0.337
845,8.228,0.337
846,8.228,0.336
847,8.228,0.336
848,8.229,0.336
849,8.229,0.336
850,8.229,0.336
851,8.230,0.336
852,8.230,0.336
853,8.230,0.336
854,8.230,0.336
855,8.229,0.337
856,8.228,0.337
857,8.228,0.338
858,8.228,0.338
859,8.228,0.338
860,8.228,0.338
861,8.229,0.339
862,8.229,0.339
863,8.230,0.339
864,8.229,0.339
865,8.229,0.339
866,8.229,0.339
867,8.229,0.339
868,8.229,0.339
869,8.229,0.339
870,8.229,0.340
871,8.229,0.340
872,8.229,0.339
873,8.229,0.339
874,8.229,0.339
875,8.229,0.339
876,8.229,0.339
877,8.229,0.339
878,8.229,0.339
879,8.229,0.339
880,8.230,0.340
881,8.230,0.339
882,8.229,0.339
883,8.230,0.339
884,8.229,0.339
885,8.229,0.340
886,8.229,0.340
887,8.229,0.340
888,8.230,0.340
889,8.230,0.340
890,8.230,0.341
891,8.230,0.340
892,8.230,0.340
893,8.229,0.341
894,8.229,0.341
895,8.229,0.342
896,8.229,0.342
897,8.229,0.342
898,8.230,0.342
899,8.229,0.342
900,8.229,0.343
901,8.229,0.343
902,8.230,0.343
903,8.230,0.344
904,8.231,0.344
905,8.231,0.344
906,8.231,0.344
907,8.232,0.345
908,8.232,0.345
909,8.232,0.345
910,8.233,0.346
911,8.233,0.346
912,8.234,0.346
913,8.234,0.346
914,8.235,0.346
915,8.235,0.346
916,8.235,0.346
917,8.236,0.346
918,8.237,0.346
919,8.237,0.346
920,8.237,0.346
921,8.236,0.346
922,8.236,0.346
923,8.236,0.346
924,8.237,0.346
925,8.236,0.346
926,8.236,0.346
927,8.237,0.346
928,8.237,0.346
929,8.237,0.346
930,8.237,0.346
931,8.238,0.346
932,8.238,0.346
933,8.238,0.346
934,8.238,0.346
935,8.235,0.345
936,8.235,0.345
937,8.234,0.345
938,8.235,0.345
939,8.234,0.345
940,8.233,0.345
941,8.234,0.345
942,8.234,0.345
943,8.233,0.346
944,8.233,0.346
945,8.233,0.346
946,8.233,0.346
947,8.232,0.346
948,8.232,0.346
949,8.232,0.346
950,8.232,0.346
951,8.232,0.346
952,8.232,0.346
953,8.232,0.346
954,8.232,0.346
955,8.232,0.347
956,8.232,0.347
957,8.232,0.347
958,8.231,0.347
959,8.230,0.347
960,8.230,0.347
961,8.231,0.347
962,8.230,0.347
963,8.229,0.346
964,8.230,0.346
965,8.230,0.346
966,8.230,0.346
967,8.230,0.345
968,8.229,0.346
969,8.229,0.345
970,8.228,0.345
971,8.229,0.345
972,8.229,0.345
973,8.228,0.344
974,8.228,0.344
975,8.228,0.344
976,8.228,0.343
977,8.229,0.343
978,8.228,0.343
979,8.228,0.343
980,8.227,0.342
981,8.227,0.342
982,8.227,0.342
983,8.228,0.342
984,8.229,0.341
985,8.229,0.341
986,8.229,0.341
987,8.230,0.342
988,8.230,0.342
989,8.230,0.341
990,8.229,0.342
991,8.229,0.342
992,8.229,0.342
993,8.229,0.342
994,8.230,0.342
995,8.229,0.342
996,8.229,0.342
997,8.229,0.342
998,8.229,0.342
999,8.229,0.342
1000,8.229,0.342
1001,8.229,0.342
1002,8.229,0.342
1003,8.229,0.342
1004,8.230,0.342
1005,8.233,0.341
1006,8.233,0.341
1007,8.234,0.341
1008,8.233,0.340
1009,8.235,0.340
1010,8.235,0.340
1011,8.235,0.340
1012,8.236,0.341
1013,8.237,0.342
1014,8.237,0.342
1015,8.237,0.341
1016,8.238,0.341
1017,8.238,0.341
1018,8.238,0.341
1019,8.239,0.341
1020,8.239,0.341
1021,8.239,0.341
1022,8.240,0.341
1023,8.247,0.345
1024,8.248,0.345
1025,8.251,0.346
1026,8.251,0.346
1027,8.253,0.347
1028,8.252,0.346
1029,8.252,0.348
1030,8.251,0.346
1031,8.252,0.347
1032,8.251,0.346
1033,8.252,0.346
1034,8.252,0.345
1035,8.253,0.345
1036,8.253,0.345
1037,8.254,0.344
1038,8.254,0.345
1039,8.254,0.344
1040,8.255,0.345
1041,8.255,0.345
1042,8.256,0.345
1043,8.257,0.344
1044,8.258,0.344
1045,8.259,0.345
1046,8.259,0.345
1047,8.260,0.345
1048,8.260,0.345
1049,8.262,0.344
1050,8.263,0.343
1051,8.263,0.343
1052,8.264,0.343
1053,8.266,0.343
1054,8.267,0.342
1055,8.267,0.342
1056,8.267,0.342
1057,8.268,0.341
1058,8.269,0.340
1059,8.270,0.341
1060,8.271,0.341
1061,8.271,0.341
1062,8.271,0.341
1063,8.272,0.341
1064,8.274,0.341
1065,8.274,0.341
1066,8.274,0.341
1067,8.275,0.341
1068,8.273,0.341
1069,8.274,0.341
1070,8.273,0.342
1071,8.274,0.342
1072,8.274,0.342
1073,8.273,0.343
1074,8.274,0.343
1075,8.273,0.343
1076,8.273,0.343
1077,8.273,0.343
1078,8.274,0.343
1079,8.274,0.343
1080,8.274,0.344
1081,8.274,0.344
1082,8.274,0.344
1083,8.273,0.344
1084,8.273,0.344
1085,8.273,0.344
1086,8.273,0.344
1087,8.273,0.345
1088,8.273,0.345
1089,8.274,0.345
1090,8.273,0.345
1091,8.273,0.345
1092,8.273,0.346
1093,8.273,0.346
1094,8.273,0.346
1095,8.273,0.347
1096,8.273,0.346
1097,8.273,0.346
1098,8.274,0.346
1099,8.275,0.345
1100,8.275,0.346
1101,8.275,0.346
1102,8.274,0.345
1103,8.274,0.346
1104,8.275,0.345
1105,8.275,0.345
1106,8.276,0.345
1107,8.275,0.344
1108,8.274,0.345
1109,8.275,0.345
1110,8.274,0.344
1111,8.274,0.344
1112,8.274,0.343
1113,8.274,0.343
1114,8.275,0.343
1115,8.273,0.341
1116,8.273,0.342
1117,8.273,0.342
1118,8.274,0.342
1119,8.273,0.343
1120,8.273,0.343
1121,8.273,0.343
1122,8.273,0.343
1123,8.270,0.342
1124,8.270,0.342
1125,8.270,0.342
1126,8.270,0.342
1127,8.270,0.342
1128,8.271,0.342
1129,8.272,0.342
1130,8.272,0.342
1131,8.272,0.342
1132,8.273,0.343
1133,8.275,0.344
1134,8.275,0.344
1135,8.276,0.344
1136,8.276,0.344
1137,8.277,0.344
1138,8.277,0.345
1139,8.277,0.345
1140,8.280,0.345
1141,8.280,0.345
1142,8.280,0.345
1143,8.281,0.345
1144,8.282,0.345
1145,8.283,0.345
1146,8.283,0.345
1147,8.284,0.345
1148,8.284,0.345
1149,8.285,0.344
1150,8.286,0.345
1151,8.286,0.344
1152,8.287,0.344
1153,8.288,0.345
1154,8.289,0.345
1155,8.289,0.345
1156,8.289,0.345
1157,8.289,0.345
1158,8.292,0.344
1159,8.293,0.343
1160,8.293,0.344
1161,8.293,0.344
1162,8.293,0.343
1163,8.293,0.344
1164,8.293,0.344
1165,8.293,0.344
1166,8.293,0.344
1167,8.293,0.344
1168,8.293,0.344
1169,8.293,0.344
1170,8.294,0.344
1171,8.295,0.345
1172,8.296,0.344
1173,8.297,0.343
1174,8.298,0.342
1175,8.299,0.341
1176,8.299,0.341
1177,8.299,0.341
1178,8.298,0.342
1179,8.299,0.341
1180,8.299,0.340
1181,8.300,0.339
1182,8.300,0.338
1183,8.300,0.338
1184,8.300,0.337
1185,8.301,0.336
1186,8.301,0.336
1187,8.302,0.336
1188,8.302,0.335
1189,8.299,0.335
1190,8.299,0.334
1191,8.298,0.334
1192,8.299,0.333
1193,8.302,0.331
1194,8.303,0.331
1195,8.304,0.329
1196,8.304,0.329
1197,8.305,0.328
1198,8.306,0.328
1199,8.306,0.328
1200,8.307,0.327
1201,8.307,0.327
1202,8.308,0.326
1203,8.309,0.325
1204,8.311,0.323
1205,8.311,0.323
1206,8.311,0.323
1207,8.311,0.322
1208,8.312,0.321
1209,8.312,0.321
1210,8.315,0.319
1211,8.313,0.318
1212,8.313,0.317
1213,8.312,0.317
1214,8.311,0.314
1215,8.312,0.313
1216,8.311,0.313
1217,8.311,0.313
1218,8.311,0.313
1219,8.311,0.313
1220,8.311,0.312
1221,8.310,0.312
1222,8.310,0.312
1223,8.310,0.311
1224,8.312,0.309
1225,8.312,0.309
1226,8.311,0.308
1227,8.311,0.308
1228,8.311,0.307
1229,8.311,0.307
1230,8.311,0.307
1231,8.311,0.307
1232,8.312,0.306
1233,8.312,0.306
1234,8.312,0.306
1235,8.310,0.305
1236,8.310,0.305
1237,8.310,0.306
1238,8.309,0.306
1239,8.309,0.306
1240,8.308,0.305
1241,8.309,0.305
1242,8.308,0.306
1243,8.309,0.308
1244,8.308,0.308
1245,8.308,0.308
1246,8.308,0.309
1247,8.308,0.309
1248,8.308,0.310
1249,8.307,0.310
1250,8.306,0.310
1251,8.306,0.310
1252,8.306,0.310
1253,8.305,0.310
1254,8.305,0.311
1255,8.306,0.311
1256,8.306,0.311
1257,8.306,0.312
1258,8.305,0.311
1259,8.304,0.311
1260,8.301,0.310
1261,8.301,0.310
1262,8.300,0.310
1263,8.300,0.310
1264,8.300,0.311
1265,8.300,0.310
1266,8.300,0.310
1267,8.300,0.310
1268,8.301,0.310
1269,8.302,0.311
1270,8.302,0.311
1271,8.302,0.311
1272,8.302,0.311
1273,8.302,0.311
1274,8.302,0.311
1275,8.302,0.311
1276,8.301,0.311
1277,8.302,0.311
1278,8.303,0.311
1279,8.303,0.311
1280,8.304,0.310
1281,8.304,0.311
1282,8.307,0.309
1283,8.308,0.309
1284,8.309,0.309
1285,8.309,0.308
1286,8.309,0.308
1287,8.308,0.308
1288,8.309,0.308
1289,8.310,0.308
1290,8.308,0.307
1291,8.310,0.308
1292,8.310,0.308
1293,8.309,0.307
1294,8.310,0.307
1295,8.311,0.307
1296,8.311,0.308
1297,8.316,0.312
1298,8.318,0.313
1299,8.318,0.312
1300,8.319,0.312
1301,8.321,0.312
1302,8.322,0.312
1303,8.322,0.313
1304,8.322,0.313
1305,8.322,0.313
1306,8.322,0.313
1307,8.324,0.314
1308,8.324,0.314
1309,8.324,0.314
1310,8.324,0.315
1311,8.325,0.315
1312,8.325,0.315
1313,8.325,0.315
1314,8.326,0.315
1315,8.326,0.315
1316,8.328,0.315
1317,8.329,0.315
1318,8.329,0.315
1319,8.329,0.315
1320,8.330,0.315
1321,8.331,0.315
1322,8.331,0.315
1323,8.332,0.315
1324,8.332,0.315
1325,8.333,0.315
1326,8.333,0.316
1327,8.334,0.315
1328,8.334,0.315
1329,8.335,0.315
1330,8.335,0.315
1331,8.335,0.315
1332,8.335,0.315
1333,8.336,0.315
1334,8.336,0.315
1335,8.337,0.316
1336,8.337,0.315
1337,8.338,0.316
1338,8.339,0.316
1339,8.339,0.316
1340,8.339,0.316
1341,8.340,0.316
1342,8.340,0.315
1343,8.341,0.315
1344,8.341,0.315
1345,8.341,0.315
1346,8.341,0.316
1347,8.340,0.316
1348,8.340,0.316
1349,8.340,0.316
1350,8.340,0.316
1351,8.340,0.315
1352,8.340,0.316
1353,8.340,0.316
1354,8.340,0.316
1355,8.339,0.316
1356,8.339,0.316
1357,8.339,0.316
1358,8.339,0.316
1359,8.339,0.316
1360,8.339,0.316
1361,8.339,0.316
1362,8.339,0.316
1363,8.339,0.316
1364,8.338,0.316
1365,8.338,0.317
1366,8.338,0.317
1367,8.337,0.316
1368,8.337,0.316
1369,8.337,0.317
1370,8.336,0.317
1371,8.336,0.317
1372,8.336,0.317
1373,8.336,0.317
1374,8.335,0.317
1375,8.335,0.317
1376,8.335,0.317
1377,8.335,0.317
1378,8.336,0.317
1379,8.336,0.317
1380,8.339,0.317
1381,8.339,0.317
1382,8.339,0.317
1383,8.339,0.316
1384,8.339,0.316
1385,8.339,0.316
1386,8.339,0.316
1387,8.339,0.316
1388,8.340,0.316
1389,8.340,0.316
1390,8.340,0.317
1391,8.340,0.317
1392,8.340,0.317
1393,8.339,0.318
1394,8.339,0.318
1395,8.339,0.318
1396,8.339,0.318
1397,8.340,0.319
1398,8.339,0.319
1399,8.339,0.319
1400,8.339,0.319
1401,8.339,0.319
1402,8.339,0.319
1403,8.339,0.319
1404,8.339,0.319
1405,8.339,0.319
1406,8.339,0.319
1407,8.340,0.319
1408,8.340,0.319
1409,8.341,0.319
1410,8.341,0.319
1411,8.342,0.319
1412,8.341,0.319
1413,8.341,0.319
1414,8.341,0.319
1415,8.342,0.319
1416,8.342,0.319
1417,8.343,0.320
1418,8.343,0.320
1419,8.342,0.320
1420,8.343,0.320
1421,8.343,0.320
1422,8.343,0.320
1423,8.343,0.319
1424,8.343,0.319
1425,8.343,0.319
1426,8.343,0.319
1427,8.343,0.319
1428,8.344,0.319
1429,8.344,0.319
1430,8.345,0.319
1431,8.344,0.319
1432,8.345,0.319
1433,8.345,0.318
1434,8.345,0.318
1435,8.346,0.319
1436,8.346,0.319
1437,8.346,0.318
1438,8.347,0.318
1439,8.347,0.319
1440,8.346,0.319
1441,8.346,0.318
1442,8.347,0.318
1443,8.347,0.319
1444,8.347,0.319
1445,8.347,0.319
1446,8.347,0.319
1447,8.347,0.320
1448,8.347,0.320
1449,8.347,0.320
1450,8.348,0.320
1451,8.347,0.320
1452,8.347,0.320
1453,8.347,0.320
1454,8.346,0.320
1455,8.346,0.320
1456,8.346,0.320
1457,8.346,0.320
1458,8.346,0.320
1459,8.346,0.319
1460,8.347,0.320
1461,8.346,0.320
1462,8.347,0.320
1463,8.348,0.321
1464,8.348,0.321
1465,8.348,0.322
1466,8.348,0.322
1467,8.348,0.322
1468,8.348,0.322
1469,8.349,0.322
1470,8.349,0.322
1471,8.349,0.322
1472,8.349,0.321
1473,8.350,0.321
1474,8.350,0.322
1475,8.349,0.322
1476,8.350,0.322
1477,8.350,0.322
1478,8.350,0.322
1479,8.350,0.322
1480,8.349,0.322
1481,8.349,0.321
1482,8.349,0.321
1483,8.349,0.322
1484,8.349,0.322
1485,8.348,0.322
1486,8.349,0.322
1487,8.349,0.322
1488,8.349,0.322
1489,8.349,0.322
1490,8.349,0.323
1491,8.349,0.322
1492,8.349,0.322
1493,8.350,0.322
1494,8.351,0.322
1495,8.351,0.322
1496,8.351,0.322
1497,8.351,0.322
1498,8.352,0.322
1499,8.352,0.322
1500,8.353,0.321
1501,8.353,0.321
1502,8.353,0.321
1503,8.352,0.321
1504,8.352,0.321
1505,8.353,0.321
1506,8.353,0.321
1507,8.353,0.321
1508,8.353,0.322
1509,8.354,0.322
1510,8.354,0.322
1511,8.353,0.322
1512,8.354,0.321
1513,8.354,0.321
1514,8.354,0.321
1515,8.354,0.321
1516,8.354,0.321
1517,8.355,0.321
1518,8.355,0.321
1519,8.355,0.321
1520,8.355,0.321
1521,8.355,0.321
1522,8.355,0.321
1523,8.355,0.321
1524,8.355,0.321
1525,8.355,0.321
1526,8.355,0.321
1527,8.356,0.321
1528,8.356,0.321
1529,8.356,0.321
1530,8.356,0.321
1531,8.356,0.321
1532,8.357,0.321
1533,8.356,0.321
1534,8.356,0.321
1535,8.356,0.321
1536,8.357,0.321
1537,8.357,0.321
1538,8.357,0.321
1539,8.357,0.321
1540,8.357,0.321
1541,8.357,0.321
1542,8.357,0.321
1543,8.357,0.321
1544,8.357,0.321
1545,8.356,0.321
1546,8.357,0.321
1547,8.356,0.321
1548,8.357,0.321
1549,8.356,0.321
1550,8.356,0.323
1551,8.357,0.322
1552,8.357,0.323
1553,8.356,0.323
1554,8.356,0.323
1555,8.356,0.323
1556,8.356,0.323
1557,8.356,0.323
1558,8.357,0.323
1559,8.357,0.322
1560,8.357,0.322
1561,8.357,0.322
1562,8.358,0.322
1563,8.358,0.322
1564,8.357,0.322
1565,8.357,0.322
1566,8.357,0.322
1567,8.357,0.322
1568,8.357,0.322
1569,8.357,0.322
1570,8.356,0.322
1571,8.357,0.321
1572,8.356,0.322
1573,8.356,0.322
1574,8.356,0.322
1575,8.356,0.322
1576,8.356,0.322
1577,8.356,0.322
1578,8.356,0.322
1579,8.355,0.322
1580,8.355,0.322
1581,8.357,0.322
1582,8.357,0.322
1583,8.357,0.322
1584,8.357,0.322
1585,8.356,0.323
1586,8.357,0.323
1587,8.357,0.322
1588,8.356,0.322
1589,8.355,0.322
1590,8.355,0.322
1591,8.356,0.322
1592,8.356,0.322
1593,8.356,0.322
1594,8.356,0.322
1595,8.355,0.322
1596,8.355,0.322
1597,8.355,0.322
1598,8.356,0.322
1599,8.356,0.322
1600,8.356,0.322
1601,8.356,0.321
1602,8.357,0.321
1603,8.357,0.321
1604,8.357,0.321
1605,8.356,0.321
1606,8.356,0.321
1607,8.355,0.320
1608,8.355,0.321
1609,8.356,0.320
1610,8.356,0.320
1611,8.359,0.320
1612,8.360,0.319
1613,8.360,0.319
1614,8.360,0.320
1615,8.360,0.320
1616,8.360,0.320
1617,8.360,0.320
1618,8.361,0.320
1619,8.361,0.320
1620,8.361,0.320
1621,8.361,0.320
1622,8.361,0.320
1623,8.361,0.319
1624,8.362,0.320
1625,8.361,0.320
1626,8.362,0.320
1627,8.362,0.320
1628,8.362,0.320
1629,8.362,0.320
1630,8.362,0.320
1631,8.363,0.320
1632,8.363,0.320
1633,8.364,0.320
1634,8.364,0.320
1635,8.364,0.320
1636,8.364,0.320
1637,8.364,0.320
1638,8.364,0.320
1639,8.365,0.319
1640,8.365,0.319
1641,8.365,0.319
1642,8.365,0.319
1643,8.367,0.319
1644,8.368,0.319
1645,8.368,0.319
1646,8.369,0.319
1647,8.373,0.320
1648,8.373,0.320
1649,8.374,0.320
1650,8.374,0.320
1651,8.375,0.320
1652,8.375,0.320
1653,8.376,0.320
1654,8.376,0.320
1655,8.376,0.320
1656,8.376,0.320
1657,8.376,0.320
1658,8.376,0.320
1659,8.377,0.320
1660,8.377,0.320
1661,8.379,0.320
1662,8.379,0.320
1663,8.379,0.320
1664,8.380,0.319
1665,8.379,0.319
1666,8.380,0.319
1667,8.380,0.319
1668,8.381,0.319
1669,8.381,0.318
1670,8.381,0.319
1671,8.381,0.318
1672,8.381,0.318
1673,8.381,0.318
1674,8.381,0.317
1675,8.381,0.317
1676,8.381,0.317
1677,8.381,0.317
1678,8.382,0.317
1679,8.382,0.316
1680,8.383,0.316
1681,8.383,0.316
1682,8.384,0.316
1683,8.384,0.316
1684,8.385,0.316
1685,8.385,0.316
1686,8.385,0.316
1687,8.385,0.316
1688,8.385,0.316
1689,8.386,0.315
1690,8.386,0.316
1691,8.386,0.316
1692,8.387,0.316
1693,8.388,0.315
1694,8.388,0.316
1695,8.388,0.316
1696,8.388,0.316
1697,8.389,0.316
1698,8.388,0.316
1699,8.389,0.315
1700,8.389,0.316
1701,8.389,0.315
1702,8.389,0.316
1703,8.389,0.316
1704,8.389,0.316
1705,8.389,0.316
1706,8.389,0.315
1707,8.389,0.316
1708,8.389,0.316
1709,8.389,0.316
1710,8.388,0.315
1711,8.388,0.315
1712,8.388,0.315
1713,8.388,0.315
1714,8.388,0.315
1715,8.388,0.315
1716,8.388,0.315
1717,8.387,0.315
1718,8.388,0.314
1719,8.387,0.314
1720,8.387,0.314
1721,8.387,0.314
1722,8.387,0.314
1723,8.387,0.314
1724,8.386,0.314
1725,8.386,0.314
1726,8.386,0.314
1727,8.386,0.314
1728,8.386,0.314
1729,8.386,0.314
1730,8.385,0.314
1731,8.385,0.314
1732,8.385,0.314
1733,8.385,0.314
1734,8.385,0.314
1735,8.385,0.314
1736,8.385,0.314
1737,8.385,0.314
1738,8.385,0.314
1739,8.385,0.314
1740,8.385,0.314
1741,8.385,0.314
1742,8.386,0.314
1743,8.386,0.314
1744,8.388,0.312
1745,8.388,0.312
1746,8.388,0.312
1747,8.388,0.312
1748,8.388,0.312
1749,8.388,0.312
1750,8.388,0.312
1751,8.388,0.312
1752,8.389,0.312
1753,8.388,0.312
1754,8.388,0.312
1755,8.386,0.312
1756,8.386,0.312
1757,8.386,0.312
1758,8.386,0.312
1759,8.387,0.313
1760,8.386,0.313
1761,8.386,0.312
1762,8.386,0.313
1763,8.386,0.313
1764,8.386,0.312
1765,8.387,0.312
1766,8.387,0.312
1767,8.387,0.312
1768,8.386,0.312
1769,8.387,0.312
1770,8.387,0.313
1771,8.387,0.313
1772,8.387,0.313
1773,8.387,0.313
1774,8.387,0.312
1775,8.387,0.312
1776,8.386,0.312
1777,8.386,0.312
1778,8.386,0.312
1779,8.387,0.311
1780,8.386,0.310
1781,8.386,0.310
1782,8.386,0.310
1783,8.395,0.307
1784,8.396,0.306
1785,8.396,0.307
1786,8.397,0.307
1787,8.397,0.307
1788,8.397,0.307
1789,8.397,0.307
1790,8.397,0.307
1791,8.397,0.307
1792,8.397,0.307
1793,8.397,0.307
1794,8.397,0.307
1795,8.396,0.308
1796,8.396,0.307
1797,8.396,0.307
1798,8.396,0.308
1799,8.396,0.308
1800,8.396,0.308
1801,8.395,0.309
1802,8.395,0.309
1803,8.395,0.309
1804,8.396,0.309
1805,8.396,0.309
1806,8.395,0.309
1807,8.396,0.310
1808,8.396,0.309
1809,8.396,0.309
1810,8.397,0.309
1811,8.397,0.309
1812,8.398,0.309
1813,8.397,0.309
1814,8.398,0.309
1815,8.403,0.308
1816,8.403,0.308
1817,8.403,0.307
1818,8.405,0.307
1819,8.407,0.306
1820,8.414,0.305
1821,8.414,0.305
1822,8.414,0.305
1823,8.416,0.305
1824,8.417,0.304
1825,8.418,0.304
1826,8.418,0.304
1827,8.418,0.304
1828,8.418,0.304
1829,8.419,0.303
1830,8.420,0.303
1831,8.420,0.303
1832,8.421,0.303
1833,8.420,0.303
1834,8.422,0.303
1835,8.422,0.303
1836,8.422,0.303
1837,8.422,0.303
1838,8.422,0.303
1839,8.423,0.303
1840,8.423,0.303
1841,8.423,0.303
1842,8.423,0.303
1843,8.424,0.303
1844,8.423,0.303
1845,8.424,0.302
1846,8.424,0.302
1847,8.424,0.302
1848,8.424,0.302
1849,8.425,0.301
1850,8.425,0.301
1851,8.425,0.301
1852,8.426,0.301
1853,8.428,0.300
1854,8.427,0.300
1855,8.428,0.300
1856,8.428,0.300
1857,8.428,0.299
1858,8.429,0.299
1859,8.429,0.299
1860,8.429,0.299
1861,8.429,0.299
1862,8.429,0.299
1863,8.430,0.299
1864,8.431,0.299
1865,8.431,0.299
1866,8.431,0.299
1867,8.431,0.299
1868,8.432,0.298
1869,8.433,0.296
1870,8.433,0.296
1871,8.433,0.296
1872,8.433,0.296
1873,8.434,0.295
1874,8.434,0.294
1875,8.435,0.294
1876,8.435,0.294
1877,8.434,0.294
1878,8.434,0.294
1879,8.434,0.293
1880,8.433,0.293
1881,8.433,0.293
1882,8.432,0.292
1883,8.432,0.292
1884,8.432,0.292
1885,8.433,0.291
1886,8.432,0.291
1887,8.434,0.291
1888,8.434,0.291
1889,8.434,0.291
1890,8.434,0.292
1891,8.434,0.292
1892,8.434,0.292
1893,8.434,0.292
1894,8.434,0.292
1895,8.434,0.291
1896,8.434,0.291
1897,8.434,0.291
1898,8.434,0.292
1899,8.434,0.292
1900,8.434,0.292
1901,8.434,0.292
1902,8.434,0.292
1903,8.434,0.292
1904,8.434,0.292
1905,8.434,0.292
1906,8.434,0.292
1907,8.434,0.292
1908,8.434,0.292
1909,8.435,0.292
1910,8.435,0.292
1911,8.435,0.292
1912,8.434,0.292
1913,8.435,0.291
1914,8.435,0.291
1915,8.435,0.291
1916,8.435,0.291
1917,8.435,0.290
1918,8.434,0.290
1919,8.434,0.290
1920,8.434,0.290
1921,8.434,0.290
1922,8.435,0.289
1923,8.435,0.289
1924,8.434,0.289
1925,8.433,0.289
1926,8.433,0.289
1927,8.433,0.289
1928,8.436,0.289
1929,8.436,0.289
1930,8.436,0.289
1931,8.436,0.289
1932,8.435,0.289
1933,8.435,0.289
1934,8.435,0.289
1935,8.433,0.289
1936,8.433,0.289
1937,8.432,0.289
1938,8.432,0.289
1939,8.432,0.289
1940,8.432,0.289
1941,8.432,0.289
1942,8.432,0.289
1943,8.431,0.289
1944,8.431,0.288
1945,8.423,0.282
1946,8.423,0.282
1947,8.420,0.281
1948,8.420,0.281
1949,8.420,0.281
1950,8.419,0.279
1951,8.419,0.279
1952,8.419,0.279
1953,8.419,0.279
1954,8.418,0.278
1955,8.417,0.278
1956,8.417,0.278
1957,8.417,0.278
1958,8.416,0.278
1959,8.417,0.278
1960,8.414,0.275
1961,8.414,0.275
1962,8.414,0.276
1963,8.415,0.275
1964,8.415,0.275
1965,8.414,0.275
1966,8.414,0.275
1967,8.413,0.275
1968,8.413,0.276
1969,8.413,0.276
1970,8.413,0.276
1971,8.412,0.275
1972,8.412,0.275
1973,8.411,0.275
1974,8.410,0.274
1975,8.410,0.274
1976,8.410,0.274
1977,8.410,0.274
1978,8.410,0.275
1979,8.409,0.275
1980,8.408,0.274
1981,8.408,0.274
1982,8.408,0.274
1983,8.408,0.274
1984,8.407,0.274
1985,8.407,0.274
1986,8.407,0.273
1987,8.407,0.274
1988,8.407,0.273
1989,8.406,0.272
1990,8.406,0.273
1991,8.406,0.273
1992,8.405,0.273
1993,8.406,0.273
1994,8.405,0.273
1995,8.406,0.273
1996,8.406,0.272
1997,8.403,0.275
1998,8.402,0.276
1999,8.403,0.276
2000,8.403,0.275
